{
  "fingerprint": "b628aa90ab3f8502",
  "calibration_curves": {
    "home": [
      [
        0.18761874815107574,
        0.25
      ],
      [
        0.24597820402469647,
        0.4166666666666667
      ],
      [
        0.32407207921494713,
        0.4166666666666667
      ],
      [
        0.34448211078214314,
        0.4166666666666667
      ],
      [
        0.36618811152549685,
        0.4166666666666667
      ],
      [
        0.37914320239217686,
        0.5833333333333334
      ],
      [
        0.39373313502879487,
        0.5833333333333334
      ],
      [
        0.40445549353037497,
        0.5833333333333334
      ],
      [
        0.4187311870492907,
        0.5833333333333334
      ],
      [
        0.42897396555286504,
        0.5833333333333334
      ],
      [
        0.4444797543111599,
        0.5833333333333334
      ],
      [
        0.4537366875888318,
        0.5833333333333334
      ],
      [
        0.46637404368279184,
        0.5833333333333334
      ],
      [
        0.4802812790795585,
        0.5833333333333334
      ],
      [
        0.5053023758812284,
        0.5833333333333334
      ],
      [
        0.5451054912847756,
        0.5833333333333334
      ],
      [
        0.5600726009528089,
        0.5833333333333334
      ],
      [
        0.5765019188911255,
        0.5833333333333334
      ],
      [
        0.595185671521542,
        0.5833333333333334
      ],
      [
        0.6266597177411136,
        0.5833333333333334
      ],
      [
        0.6930012179340931,
        0.5833333333333334
      ]
    ],
    "draw": [
      [
        0.17959067431884368,
        0.25
      ],
      [
        0.1949448799207052,
        0.3333333333333333
      ],
      [
        0.20199895942011134,
        0.3333333333333333
      ],
      [
        0.20778721007216427,
        0.4166666666666667
      ],
      [
        0.2113707656520559,
        0.4166666666666667
      ],
      [
        0.21399604811863646,
        0.4166666666666667
      ],
      [
        0.21633716472089567,
        0.4166666666666667
      ],
      [
        0.21829407666525116,
        0.4166666666666667
      ],
      [
        0.220321468837639,
        0.4166666666666667
      ],
      [
        0.2220849853321739,
        0.4166666666666667
      ],
      [
        0.22392828162192147,
        0.4166666666666667
      ],
      [
        0.2260192183775298,
        0.5
      ],
      [
        0.22867969740046493,
        0.5
      ],
      [
        0.23094462961424542,
        0.5
      ],
      [
        0.23498801744711362,
        0.5
      ],
      [
        0.2375259373429208,
        0.5
      ],
      [
        0.23965255299108357,
        0.5
      ],
      [
        0.24312369366257489,
        0.5
      ],
      [
        0.24892863820785097,
        0.5
      ],
      [
        0.26130098191497714,
        0.5
      ],
      [
        0.30022938503026386,
        0.5
      ]
    ],
    "away": [
      [
        0.11999429628605986,
        0.5
      ],
      [
        0.15385845890173214,
        0.5
      ],
      [
        0.17585615959910572,
        0.5
      ],
      [
        0.19283310113617402,
        0.5
      ],
      [
        0.2023144990962843,
        0.5
      ],
      [
        0.21772471487030132,
        0.5
      ],
      [
        0.23876090059604152,
        0.5
      ],
      [
        0.3047675079422606,
        0.5
      ],
      [
        0.31480195213244316,
        0.5
      ],
      [
        0.3233594641851728,
        0.5
      ],
      [
        0.3328616764083127,
        0.5
      ],
      [
        0.34303838207966336,
        0.5
      ],
      [
        0.35592259296532786,
        0.5
      ],
      [
        0.3654250006648147,
        0.5
      ],
      [
        0.37581157631347906,
        0.5
      ],
      [
        0.39234723705526203,
        0.5
      ],
      [
        0.40605053016616094,
        0.5833333333333334
      ],
      [
        0.4333331934027907,
        0.6666666666666666
      ],
      [
        0.4587322924178317,
        0.6666666666666666
      ],
      [
        0.5090294259518524,
        0.6666666666666666
      ],
      [
        0.5810527750386154,
        0.6666666666666666
      ]
    ]
  },
  "timestamp": "2026-01-18T23:08:30.140068Z"
}