{
  "fingerprint": "bdb6bfa74a7d1339",
  "calibration_curves": {
    "home": [
      [
        0.17309446085794666,
        0.5
      ],
      [
        0.2848040196529185,
        0.5
      ],
      [
        0.3340745986270003,
        0.6
      ],
      [
        0.3491979598032207,
        0.6
      ],
      [
        0.36874156034848,
        0.6
      ],
      [
        0.38459862710822057,
        0.7
      ],
      [
        0.39747992592963494,
        0.7
      ],
      [
        0.4248118452846855,
        0.7
      ],
      [
        0.45559924656125217,
        0.7
      ],
      [
        0.4850961275650264,
        0.7
      ],
      [
        0.5031532318483027,
        0.7
      ],
      [
        0.5193101182577318,
        0.8
      ],
      [
        0.5445893642642965,
        0.8
      ],
      [
        0.5675169397546563,
        0.8
      ],
      [
        0.5845319211943574,
        0.8
      ],
      [
        0.621497932063133,
        0.8
      ],
      [
        0.6832514376316124,
        0.8
      ]
    ],
    "draw": [
      [
        0.2153208618459032,
        0.2
      ],
      [
        0.23362133532985024,
        0.4
      ],
      [
        0.23875957537911807,
        0.5
      ],
      [
        0.2456150367143835,
        0.5
      ],
      [
        0.25083421381694865,
        0.5
      ],
      [
        0.2564276338712851,
        0.5
      ],
      [
        0.2656996376218467,
        0.5
      ],
      [
        0.2713624570510892,
        0.5
      ],
      [
        0.2765640868814032,
        0.5
      ],
      [
        0.28149728447795697,
        0.5
      ],
      [
        0.28652420710372806,
        0.5
      ],
      [
        0.2927457522501628,
        0.5
      ],
      [
        0.2980141565212371,
        0.5
      ],
      [
        0.30289811846535847,
        0.5
      ],
      [
        0.3150414260213685,
        0.5
      ],
      [
        0.32378781890906144,
        0.5
      ],
      [
        0.3477259647262237,
        0.5
      ]
    ],
    "away": [
      [
        0.10689754414543251,
        0.1
      ],
      [
        0.1398318397373239,
        0.1
      ],
      [
        0.15459748397870504,
        0.3
      ],
      [
        0.16925549377490062,
        0.3
      ],
      [
        0.18029900013283479,
        0.3
      ],
      [
        0.19334432582163968,
        0.3
      ],
      [
        0.20470470095125606,
        0.3
      ],
      [
        0.21715222767626793,
        0.3
      ],
      [
        0.24669437891174067,
        0.3
      ],
      [
        0.31161988707483523,
        0.3
      ],
      [
        0.33330868115021184,
        0.3
      ],
      [
        0.3462458909943565,
        0.5
      ],
      [
        0.3647989771410195,
        0.5
      ],
      [
        0.38364929468164344,
        0.5
      ],
      [
        0.40892096630157304,
        0.6
      ],
      [
        0.46283392502023785,
        0.6
      ],
      [
        0.5733567421056734,
        0.7142857142857143
      ]
    ]
  },
  "timestamp": "2026-01-18T10:41:23.643601Z"
}