{
  "fingerprint": "32a760eef8aadf4c",
  "calibration_curves": {
    "home": [
      [
        0.18140664534395173,
        0.2
      ],
      [
        0.24160166451706902,
        0.2
      ],
      [
        0.3128581954634936,
        0.3
      ],
      [
        0.34275223604371113,
        0.3
      ],
      [
        0.36101844464780136,
        0.3
      ],
      [
        0.37944899159980894,
        0.3
      ],
      [
        0.400046936361176,
        0.3
      ],
      [
        0.4149743951523176,
        0.3
      ],
      [
        0.4400057158210148,
        0.5
      ],
      [
        0.48073865325067927,
        0.5
      ],
      [
        0.5137523322221336,
        0.5
      ],
      [
        0.5409011083103535,
        0.5
      ],
      [
        0.5649850653330221,
        0.5
      ],
      [
        0.5977452020839775,
        0.5
      ],
      [
        0.6274857541671145,
        0.5
      ],
      [
        0.6771847688871756,
        0.75
      ]
    ],
    "draw": [
      [
        0.20444498289201976,
        0.4
      ],
      [
        0.22103149949126083,
        0.4
      ],
      [
        0.2294951141782562,
        0.4
      ],
      [
        0.23473282377528987,
        0.4
      ],
      [
        0.2407983684367491,
        0.4
      ],
      [
        0.24510718196875558,
        0.4
      ],
      [
        0.2512687959620192,
        0.4
      ],
      [
        0.2568402471019788,
        0.4
      ],
      [
        0.26006363002626665,
        0.4
      ],
      [
        0.2640249160785551,
        0.4
      ],
      [
        0.27022603183735344,
        0.4
      ],
      [
        0.2776586778893199,
        0.4
      ],
      [
        0.2820377285104837,
        0.4
      ],
      [
        0.29039265223921856,
        0.4
      ],
      [
        0.30490934728717245,
        0.4
      ],
      [
        0.3331534845569891,
        0.5
      ]
    ],
    "away": [
      [
        0.12558467864263895,
        0.1
      ],
      [
        0.15438225151374704,
        0.3
      ],
      [
        0.1735411282610461,
        0.3
      ],
      [
        0.1921572606366717,
        0.3
      ],
      [
        0.20663756526818838,
        0.3
      ],
      [
        0.22229197927608263,
        0.3
      ],
      [
        0.2950791656060742,
        0.3
      ],
      [
        0.32217384155008894,
        0.3
      ],
      [
        0.3383942792583835,
        0.6
      ],
      [
        0.35130416026835454,
        0.7
      ],
      [
        0.36824639364766387,
        0.7
      ],
      [
        0.3861526167391199,
        0.7
      ],
      [
        0.4152938023572639,
        0.7
      ],
      [
        0.4601911885647005,
        0.7
      ],
      [
        0.5137734619416341,
        0.7
      ],
      [
        0.5947689677458805,
        0.75
      ]
    ]
  },
  "timestamp": "2026-01-18T17:42:10.454185Z"
}