{
  "fingerprint": "62fb955a21136f42",
  "calibration_curves": {
    "home": [
      [
        0.27441022699863976,
        0.5
      ],
      [
        0.3402075194868555,
        0.5833333333333334
      ],
      [
        0.35992679577039044,
        0.5833333333333334
      ],
      [
        0.38228477175107783,
        0.5833333333333334
      ],
      [
        0.40103232103332215,
        0.5833333333333334
      ],
      [
        0.4100961059982537,
        0.5833333333333334
      ],
      [
        0.4215302532700745,
        0.5833333333333334
      ],
      [
        0.43825686495050653,
        0.5833333333333334
      ],
      [
        0.4525413181543061,
        0.5833333333333334
      ],
      [
        0.47186447546152915,
        0.5833333333333334
      ],
      [
        0.4973312606592075,
        0.6666666666666666
      ],
      [
        0.5153480617964289,
        0.6666666666666666
      ],
      [
        0.5322722250240031,
        0.6666666666666666
      ],
      [
        0.5425150392448347,
        0.6666666666666666
      ],
      [
        0.5547829177452088,
        0.75
      ],
      [
        0.5687323512346688,
        0.75
      ],
      [
        0.5853982064927029,
        0.75
      ],
      [
        0.6024173619000973,
        0.75
      ],
      [
        0.614231528312989,
        0.75
      ],
      [
        0.6391863502177082,
        0.75
      ],
      [
        0.6857819254003253,
        0.75
      ]
    ],
    "draw": [
      [
        0.18757839648794847,
        0.25
      ],
      [
        0.20477437251458186,
        0.25
      ],
      [
        0.20983456345945525,
        0.3333333333333333
      ],
      [
        0.21527794119374524,
        0.3333333333333333
      ],
      [
        0.218982454591638,
        0.3333333333333333
      ],
      [
        0.2219441694098021,
        0.3333333333333333
      ],
      [
        0.22471038480669436,
        0.3333333333333333
      ],
      [
        0.22763510927680497,
        0.3333333333333333
      ],
      [
        0.23148987853323988,
        0.3333333333333333
      ],
      [
        0.23573793891587635,
        0.3333333333333333
      ],
      [
        0.23816866187017982,
        0.4166666666666667
      ],
      [
        0.24134735179012964,
        0.4166666666666667
      ],
      [
        0.24544397693569628,
        0.4166666666666667
      ],
      [
        0.24979481901468822,
        0.4166666666666667
      ],
      [
        0.2540998053184575,
        0.4166666666666667
      ],
      [
        0.25797703339118216,
        0.4166666666666667
      ],
      [
        0.264674512527072,
        0.4166666666666667
      ],
      [
        0.2748648034470538,
        0.4166666666666667
      ],
      [
        0.28420339543003337,
        0.4166666666666667
      ],
      [
        0.2991825355529907,
        0.4166666666666667
      ],
      [
        0.32955023914656084,
        0.4166666666666667
      ]
    ],
    "away": [
      [
        0.10714947598343331,
        0.08333333333333333
      ],
      [
        0.13259825654999025,
        0.25
      ],
      [
        0.1572076773469476,
        0.4166666666666667
      ],
      [
        0.1694201242498834,
        0.4166666666666667
      ],
      [
        0.17736432376690905,
        0.4166666666666667
      ],
      [
        0.18484664486586258,
        0.4166666666666667
      ],
      [
        0.19764909423824495,
        0.4166666666666667
      ],
      [
        0.2037789367577093,
        0.4166666666666667
      ],
      [
        0.21004006863028968,
        0.4166666666666667
      ],
      [
        0.21847761656743556,
        0.4166666666666667
      ],
      [
        0.22736460331761754,
        0.4166666666666667
      ],
      [
        0.292474388624503,
        0.4166666666666667
      ],
      [
        0.30872539358208595,
        0.4166666666666667
      ],
      [
        0.3161129276239971,
        0.4166666666666667
      ],
      [
        0.33199610641302985,
        0.4166666666666667
      ],
      [
        0.34987440251717916,
        0.4166666666666667
      ],
      [
        0.36546029635406,
        0.5
      ],
      [
        0.38270600717619496,
        0.5
      ],
      [
        0.3977098880234004,
        0.5
      ],
      [
        0.41859524665821635,
        0.5
      ],
      [
        0.48469742903449814,
        0.5
      ]
    ]
  },
  "timestamp": "2026-01-18T22:49:20.142715Z"
}