{
  "fingerprint": "76f0e54a419b234e",
  "calibration_curves": {
    "home": [
      [
        0.18159422047677998,
        0.15384615384615385
      ],
      [
        0.23802272937966673,
        0.3076923076923077
      ],
      [
        0.31120241931515064,
        0.38461538461538464
      ],
      [
        0.32564503974986053,
        0.38461538461538464
      ],
      [
        0.3483115185447116,
        0.38461538461538464
      ],
      [
        0.36106263585839243,
        0.6153846153846154
      ],
      [
        0.3789232757724045,
        0.6153846153846154
      ],
      [
        0.39606933038861436,
        0.6153846153846154
      ],
      [
        0.40643831475635983,
        0.6153846153846154
      ],
      [
        0.42053948045695455,
        0.6153846153846154
      ],
      [
        0.4315575251583228,
        0.6153846153846154
      ],
      [
        0.44475906627311507,
        0.6153846153846154
      ],
      [
        0.474703396507364,
        0.6153846153846154
      ],
      [
        0.5052827909819263,
        0.6153846153846154
      ],
      [
        0.5220795453701084,
        0.6153846153846154
      ],
      [
        0.5394379618442529,
        0.6153846153846154
      ],
      [
        0.5486409813417081,
        0.6153846153846154
      ],
      [
        0.5752617655060001,
        0.6923076923076923
      ],
      [
        0.5979614009137079,
        0.6923076923076923
      ],
      [
        0.622516324277496,
        0.6923076923076923
      ],
      [
        0.677086429844093,
        1.0
      ]
    ],
    "draw": [
      [
        0.19450080870575226,
        0.46153846153846156
      ],
      [
        0.20972492392464456,
        0.46153846153846156
      ],
      [
        0.2180986350735132,
        0.46153846153846156
      ],
      [
        0.22508974425997683,
        0.46153846153846156
      ],
      [
        0.2306274825311577,
        0.46153846153846156
      ],
      [
        0.23467463259546756,
        0.46153846153846156
      ],
      [
        0.23835307956348326,
        0.46153846153846156
      ],
      [
        0.24082591621831256,
        0.46153846153846156
      ],
      [
        0.24267584819178853,
        0.46153846153846156
      ],
      [
        0.24506394436533085,
        0.46153846153846156
      ],
      [
        0.24759508255890494,
        0.46153846153846156
      ],
      [
        0.2511967050961599,
        0.46153846153846156
      ],
      [
        0.25545898932479016,
        0.46153846153846156
      ],
      [
        0.258494016734339,
        0.46153846153846156
      ],
      [
        0.26235913416039686,
        0.46153846153846156
      ],
      [
        0.26627718931070465,
        0.46153846153846156
      ],
      [
        0.26895415196313116,
        0.46153846153846156
      ],
      [
        0.2709725841712206,
        0.46153846153846156
      ],
      [
        0.27559943985555146,
        0.46153846153846156
      ],
      [
        0.2884377738103447,
        0.46153846153846156
      ],
      [
        0.31258870427951946,
        0.46153846153846156
      ]
    ],
    "away": [
      [
        0.13151778913215034,
        0.07692307692307693
      ],
      [
        0.15913588243737758,
        0.23076923076923078
      ],
      [
        0.17748742758573113,
        0.3076923076923077
      ],
      [
        0.18731096531977368,
        0.3076923076923077
      ],
      [
        0.19602889200372028,
        0.3076923076923077
      ],
      [
        0.20723313750458983,
        0.3076923076923077
      ],
      [
        0.21585874911315572,
        0.3076923076923077
      ],
      [
        0.22485164938005878,
        0.5384615384615384
      ],
      [
        0.2989400684147746,
        0.5384615384615384
      ],
      [
        0.3171313652324841,
        0.5384615384615384
      ],
      [
        0.3267031147654024,
        0.5384615384615384
      ],
      [
        0.33825413850381847,
        0.5384615384615384
      ],
      [
        0.35501821308214293,
        0.5384615384615384
      ],
      [
        0.36984511451025265,
        0.5384615384615384
      ],
      [
        0.3842341499922946,
        0.5384615384615384
      ],
      [
        0.4059612286868459,
        0.5384615384615384
      ],
      [
        0.4233709612710418,
        0.5384615384615384
      ],
      [
        0.44025583461843054,
        0.5384615384615384
      ],
      [
        0.47741471736980307,
        0.5384615384615384
      ],
      [
        0.5390074648161878,
        0.5384615384615384
      ],
      [
        0.5941317496492636,
        0.6666666666666666
      ]
    ]
  },
  "timestamp": "2026-01-18T22:12:42.159152Z"
}