{
  "fingerprint": "e061ac8db06f6162",
  "calibration_curves": {
    "home": [
      [
        0.16775051909623082,
        0.1
      ],
      [
        0.2651202820638982,
        0.1
      ],
      [
        0.33041734082613405,
        0.3
      ],
      [
        0.3623157693760318,
        0.3
      ],
      [
        0.39159148202701444,
        0.4
      ],
      [
        0.41444578641721347,
        0.4
      ],
      [
        0.4535636303064459,
        0.6
      ],
      [
        0.4970150885977934,
        0.9
      ],
      [
        0.5196048389717361,
        0.9
      ],
      [
        0.5345643123609362,
        0.9
      ],
      [
        0.5609674356222998,
        0.9
      ],
      [
        0.5903387033073331,
        0.9
      ],
      [
        0.619482317554749,
        0.9
      ],
      [
        0.6755323070363592,
        0.9
      ],
      [
        0.7800657620569263,
        1.0
      ]
    ],
    "draw": [
      [
        0.1731515215115174,
        0.0
      ],
      [
        0.21100421545198816,
        0.3
      ],
      [
        0.2261385791775261,
        0.3
      ],
      [
        0.23400888851959376,
        0.3
      ],
      [
        0.23904162153861694,
        0.3
      ],
      [
        0.24426241654511022,
        0.3
      ],
      [
        0.25021598217693447,
        0.3
      ],
      [
        0.2558451846665767,
        0.3
      ],
      [
        0.26071687661847587,
        0.3
      ],
      [
        0.2643711287629119,
        0.4
      ],
      [
        0.2709616708502989,
        0.6
      ],
      [
        0.2765951552171132,
        0.6
      ],
      [
        0.2848585761353097,
        0.6
      ],
      [
        0.29794140957385823,
        0.6
      ],
      [
        0.3150112745614291,
        0.6
      ]
    ],
    "away": [
      [
        0.08893567053176368,
        0.0
      ],
      [
        0.13181223408743922,
        0.3
      ],
      [
        0.14961411956494336,
        0.3
      ],
      [
        0.17434841775268156,
        0.3
      ],
      [
        0.19168205119931123,
        0.3
      ],
      [
        0.20781342441155917,
        0.3
      ],
      [
        0.2181947840266644,
        0.3
      ],
      [
        0.25159580276161886,
        0.3
      ],
      [
        0.31841049395177035,
        0.3
      ],
      [
        0.3458414826790091,
        0.7
      ],
      [
        0.37624019025517963,
        0.7
      ],
      [
        0.39287364767069083,
        0.7
      ],
      [
        0.4336901467405572,
        0.7
      ],
      [
        0.5404663973256569,
        0.7
      ],
      [
        0.6715682052095122,
        1.0
      ]
    ]
  },
  "timestamp": "2026-01-18T12:12:42.621074Z"
}