{
  "fingerprint": "b63914a494764e45",
  "calibration_curves": {
    "home": [
      [
        0.1806008953653466,
        0.2
      ],
      [
        0.2812262339366219,
        0.3
      ],
      [
        0.32645846733411715,
        0.4
      ],
      [
        0.3428471340508902,
        0.5
      ],
      [
        0.36019977114453117,
        0.5
      ],
      [
        0.384470580602738,
        0.5
      ],
      [
        0.40513465229436746,
        0.5
      ],
      [
        0.4328139120009088,
        0.7
      ],
      [
        0.46381751384025793,
        0.7
      ],
      [
        0.4850167956411801,
        0.7
      ],
      [
        0.49805986569123295,
        0.7
      ],
      [
        0.5196894215676665,
        0.7
      ],
      [
        0.5471755144995541,
        0.7
      ],
      [
        0.5828040901761256,
        0.7
      ],
      [
        0.627032485411008,
        0.7
      ]
    ],
    "draw": [
      [
        0.24312743565733577,
        0.2
      ],
      [
        0.25606168981992056,
        0.2
      ],
      [
        0.26388278791527164,
        0.5
      ],
      [
        0.2700351445495305,
        0.5
      ],
      [
        0.27536372003134185,
        0.5
      ],
      [
        0.2805142055259488,
        0.5
      ],
      [
        0.2879252034368917,
        0.6
      ],
      [
        0.29595385921365835,
        0.6
      ],
      [
        0.3027436878632379,
        0.6
      ],
      [
        0.31054310731380375,
        0.6
      ],
      [
        0.3179012470340735,
        0.6
      ],
      [
        0.32910627265220965,
        0.6
      ],
      [
        0.3384757718004626,
        0.6
      ],
      [
        0.357268285495286,
        0.6
      ],
      [
        0.3756013829835449,
        0.6
      ]
    ],
    "away": [
      [
        0.10312354081699995,
        0.2
      ],
      [
        0.14089460903932605,
        0.2
      ],
      [
        0.1647375440970735,
        0.2
      ],
      [
        0.1819712649149463,
        0.3
      ],
      [
        0.19325052763498274,
        0.3
      ],
      [
        0.2031917247474042,
        0.3
      ],
      [
        0.21609800577001584,
        0.3
      ],
      [
        0.24676905110753342,
        0.3
      ],
      [
        0.31580075017496856,
        0.3
      ],
      [
        0.33307264072744586,
        0.3
      ],
      [
        0.34615330547898354,
        0.3
      ],
      [
        0.36910981095043616,
        0.4
      ],
      [
        0.39181832931108407,
        0.4
      ],
      [
        0.4333014929448523,
        0.4
      ],
      [
        0.5242288013922429,
        0.625
      ]
    ]
  },
  "timestamp": "2026-01-18T17:52:03.838913Z"
}